Nombre,Ruta,Archivos,"Tamaño (bytes)","Última modificación"
ace-builds,librerias/ace-builds,416,8786728,"2025-05-19 15:53:00"
bootstrap-datepicker,librerias/bootstrap-datepicker,2,49424,"2025-05-19 15:52:52"
bootstrap-maxlength,librerias/bootstrap-maxlength,1,4976,"2025-05-19 15:55:35"
chart.js,librerias/chart.js,1,173077,"2025-05-19 15:55:36"
clipboard,librerias/clipboard,1,10453,"2025-05-19 15:52:50"
codemirror,librerias/codemirror,5,477009,"2025-05-19 15:55:32"
colcade,librerias/colcade,1,9513,"2025-05-19 15:52:54"
css,librerias/css,1,2598,"2025-05-19 15:45:46"
dropify,librerias/dropify,2,20375,"2025-05-19 15:51:01"
dropzone,librerias/dropzone,2,134607,"2025-05-19 15:52:54"
feather,librerias/feather,5,136213,"2025-05-19 15:55:34"
flag-icon-css,librerias/flag-icon-css,517,4817932,"2025-05-19 15:48:16"
font-awesome,librerias/font-awesome,7,1116661,"2025-05-19 15:55:22"
inputmask,librerias/inputmask,1,220965,"2025-05-19 15:51:16"
ion-rangeslider,librerias/ion-rangeslider,2,54467,"2025-05-19 15:55:39"
jquery-asColor,librerias/jquery-asColor,2,48725,"2025-05-19 15:55:37"
jquery-asColorPicker,librerias/jquery-asColorPicker,8,162138,"2025-05-19 15:45:48"
jquery-asGradient,librerias/jquery-asGradient,2,36905,"2025-05-19 15:52:51"
jquery-bar-rating,librerias/jquery-bar-rating,13,48787,"2025-05-19 15:52:58"
jquery-contextmenu,librerias/jquery-contextmenu,2,146254,"2025-05-19 15:45:45"
jquery-file-upload,librerias/jquery-file-upload,2,18174,"2025-05-19 15:55:30"
jquery-sparkline,librerias/jquery-sparkline,1,62673,"2025-05-19 15:52:41"
jquery-tags-input,librerias/jquery-tags-input,2,7344,"2025-05-19 15:55:38"
jquery-toast-plugin,librerias/jquery-toast-plugin,2,10843,"2025-05-19 15:51:14"
jquery-validation,librerias/jquery-validation,1,24430,"2025-05-19 15:47:15"
jquery.avgrund,librerias/jquery.avgrund,1,2001,"2025-05-19 15:52:39"
jquery.repeater,librerias/jquery.repeater,1,10550,"2025-05-19 15:47:13"
js,librerias/js,2,409648,"2025-05-19 15:53:00"
justgage,librerias/justgage,1,92764,"2025-05-19 15:47:15"
jwysiwyg-master,librerias/jwysiwyg-master,230,1599011,"2025-05-19 15:52:38"
lightgallery,librerias/lightgallery,18,438331,"2025-05-19 15:52:50"
mdi,librerias/mdi,6,2286929,"2025-05-19 15:51:03"
moment,librerias/moment,2,232764,"2025-05-19 15:45:51"
morris.js,librerias/morris.js,1,35652,"2025-05-19 15:45:45"
nouislider,librerias/nouislider,2,27380,"2025-05-19 15:55:21"
progressbar.js,librerias/progressbar.js,1,21693,"2025-05-19 15:52:53"
pwstabs,librerias/pwstabs,2,23412,"2025-05-19 15:52:40"
quill,librerias/quill,3,1247361,"2025-05-19 15:48:15"
raphael,librerias/raphael,1,93167,"2025-05-19 15:55:29"
select2,librerias/select2,2,85817,"2025-05-19 15:52:42"
select2-bootstrap-theme,librerias/select2-bootstrap-theme,1,16792,"2025-05-19 15:48:15"
simple-line-icons,librerias/simple-line-icons,6,471721,"2025-05-19 15:51:11"
simplemde,librerias/simplemde,2,280237,"2025-05-19 15:45:52"
summernote,librerias/summernote,162,6716011,"2025-05-19 15:47:16"
sweetalert,librerias/sweetalert,1,40808,"2025-05-19 15:52:39"
tempusdominus-bootstrap-4,librerias/tempusdominus-bootstrap-4,2,121733,"2025-05-19 15:47:14"
ti-icons,librerias/ti-icons,5,465554,"2025-05-19 15:55:26"
tinymce,librerias/tinymce,190,7643582,"2025-05-19 15:47:13"
twbs-pagination,librerias/twbs-pagination,1,6215,"2025-05-19 15:55:36"
typeahead.js,librerias/typeahead.js,1,39749,"2025-05-19 15:51:14"
typicons,librerias/typicons,9,638025,"2025-05-19 15:51:10"
x-editable,librerias/x-editable,2,97111,"2025-05-19 15:51:16"
